{
  "cities": {
    "jeddah": {
      "name": "جدة",
      "name_en": "Jeddah",
      "icon": "🌊",
      "description": "عروس البحر الأحمر وبوابة الحرمين الشريفين",
      "region": "منطقة مكة المكرمة",
      "population": "4.7 مليون نسمة",
      "established": "القرن السابع الهجري (647هـ)",
      "landmarks": {
        "albalad": {
          "name": "البلد التاريخية",
          "icon": "🏛️",
          "type": "تراث عمراني",
          "category": "موقع تراث عالمي",
          "description": "قلب جدة القديم، مركز تاريخي بعمارة حجازية فريدة يضم أكثر من 600 مبنى تراثي",
          "detailed_info": "تمثل البلد التاريخية النواة الأولى لمدينة جدة، حيث تأسست في القرن السابع الهجري (647هـ) على يد الخليفة الراشدي عثمان بن عفان رضي الله عنه كميناء لاستقبال الحجاج. تتميز بنسيجها العمراني الفريد الذي يجمع بين العمارة الحجازية التقليدية والتأثيرات المعمارية من مختلف الثقافات الإسلامية. تحتوي على أكثر من 600 مبنى تراثي، بعضها يعود لأكثر من 500 عام، مبنية من الحجر المنقبي المستخرج من بحيرة الأربعين، والأخشاب المستوردة من شرق آسيا. المنطقة مُدرجة في قائمة التراث العالمي لليونسكو منذ 2014م تحت اسم 'جدة التاريخية: بوابة مكة'.",
          "historical_significance": "كانت البلد الميناء الرئيسي لاستقبال الحجاج القادمين عبر البحر لأكثر من 1300 عام. شهدت ازدهاراً تجارياً كبيراً في القرنين التاسع عشر والعشرين، حيث كانت مركزاً لتجارة اللؤلؤ، البهارات، الأقمشة، والمنتجات القادمة من الهند وإفريقيا وجنوب شرق آسيا.",
          "architectural_features": {
            "rawashin": "شرفات خشبية بارزة مزخرفة تسمح بدخول الهواء مع الحفاظ على الخصوصية، مصنوعة من خشب التيك المستورد",
            "stone_material": "حجر المنقبي - حجر مرجاني مسامي خفيف يساعد على تلطيف الحرارة",
            "ventilation": "نظام تهوية طبيعي ذكي يعتمد على الملاقف والفتحات المتقابلة",
            "height": "معظم المباني من 3-7 طوابق، وهي نادرة في ذلك العصر"
          },
          "info": {
            "age": "أكثر من 1300 سنة",
            "unesco": true,
            "year_inscribed": 2014,
            "inscription_name": "جدة التاريخية: بوابة مكة",
            "area": "1.5 كيلومتر مربع",
            "buildings_count": "أكثر من 600 مبنى تراثي",
            "best_time": "من المغرب حتى منتصف الليل (الإضاءة التراثية تبرز المعالم)",
            "duration": "3-5 ساعات للجولة الشاملة",
            "entry_fee": "مجاني",
            "guided_tours": "متوفرة عبر هيئة التراث",
            "restoration_status": "قيد الترميم المستمر منذ 2014"
          },
          "key_landmarks": [
            {
              "name": "بيت نصيف",
              "year": "1881م (1298هـ)",
              "description": "أشهر بيت تاريخي، مكون من 106 غرفة على 5 طوابق، كان مقراً للملك عبدالعزيز لمدة 10 سنوات",
              "status": "متحف مفتوح للزوار",
              "significance": "يمثل قمة العمارة الحجازية في القرن التاسع عشر"
            },
            {
              "name": "سوق البلد (سوق العلوي)",
              "year": "القرن 19",
              "description": "سوق تقليدي يضم أكثر من 200 محل، متخصص في البهارات، العطور، الأقمشة، والتمور",
              "status": "عامل ومزدهر",
              "significance": "يحافظ على النشاط التجاري التقليدي منذ قرنين"
            },
            {
              "name": "مسجد الشافعي",
              "year": "القرن السابع الهجري",
              "description": "من أقدم مساجد جدة، بُني على الطراز المعماري الإسلامي التقليدي",
              "status": "عامل - تقام فيه الصلوات",
              "significance": "شاهد على التاريخ الديني للمدينة"
            },
            {
              "name": "مسجد عكاش",
              "year": "القرن 18",
              "description": "مسجد تاريخي يتميز بمئذنته الفريدة",
              "status": "عامل",
              "significance": "نموذج للعمارة الدينية الحجازية"
            },
            {
              "name": "بوابة مكة",
              "year": "القرن 16",
              "description": "إحدى البوابات التاريخية التي كان الحجاج يعبرون منها متوجهين لمكة",
              "status": "معلم تراثي",
              "significance": "رمز لدور جدة التاريخي كبوابة للحرمين"
            },
            {
              "name": "بيت باعشن",
              "year": "القرن 19",
              "description": "بيت تاريخي لإحدى العائلات العريقة، يشتهر برواشينه المزخرفة",
              "status": "قيد الترميم",
              "significance": "نموذج للثراء المعماري الحجازي"
            }
          ],
          "notable_families": [
            "آل نصيف - تجار وأثرياء",
            "آل باعشن - تجار اللؤلؤ والبهارات",
            "آل رضا - تجار الأقمشة",
            "آل جمجوم - ملاك أراضي",
            "آل شربتلي - تجار ومثقفون"
          ],
          "field_questions": [
            "كيف كانت الحياة اليومية في البلد قبل اكتشاف النفط في الخمسينات؟",
            "ما الدور الذي لعبته جدة في خدمة الحجاج عبر التاريخ؟",
            "كيف تأثرت العمارة الحجازية بالثقافات الإسلامية المختلفة؟",
            "ما أشهر العائلات التي سكنت البلد ولماذا اشتهرت؟",
            "لماذا استخدم المعماريون الرواشين الخشبية بدلاً من النوافذ التقليدية؟",
            "كيف كانت تجارة اللؤلؤ والبهارات تُدار في سوق البلد؟",
            "ما حقيقة وجود أنفاق تحت الأرض تربط البيوت الكبيرة؟",
            "كيف تغيرت البلد بعد انتقال السكان إلى الأحياء الحديثة؟",
            "ما التحديات التي تواجه عملية الترميم والحفاظ على المباني؟",
            "كيف يمكن الموازنة بين الحفاظ على التراث وتطوير المنطقة سياحياً؟"
          ],
          "cultural_notes": [
            "احترام خصوصية السكان - بعض البيوت لا تزال مأهولة بالعائلات الأصلية",
            "التصوير الفوتوغرافي مسموح للمباني، لكن يجب الاستئذان قبل تصوير الأشخاص",
            "اللباس المحتشم مطلوب، خاصة عند زيارة المساجد والمناطق السكنية",
            "أفضل وقت للزيارة الصحفية: بعد المغرب حتى العشاء (الإضاءة جميلة والنشاط التجاري في ذروته)",
            "تجنب الزيارة في أوقات الصلوات الخمس إذا كنت تخطط لدخول المساجد",
            "السوق يُغلق تدريجياً بعد صلاة العشاء، وبشكل نهائي قرب منتصف الليل",
            "يُفضل التنسيق المسبق مع هيئة التراث للحصول على معلومات دقيقة وتصاريح تصوير خاصة",
            "احذر من الباعة المتجولين - بعضهم قد يبيع منتجات مقلدة",
            "لا تلمس أو تكتب على المباني التراثية - عقوبات صارمة"
          ],
          "stories": [
            {
              "title": "بيت نصيف ومقر الملك المؤسس",
              "content": "بُني بيت نصيف عام 1881م (1298هـ) على يد الشيخ عمر أفندي نصيف، أحد أثرى تجار جدة في ذلك العصر. البيت تحفة معمارية مكونة من 106 غرفة موزعة على خمسة طوابق، ويُعتبر من أكبر البيوت التراثية في المنطقة. استخدم في بنائه حجر المنقبي والأخشاب المستوردة من إندونيسيا وماليزيا. في عام 1925م، عندما دخل الملك عبدالعزيز آل سعود مدينة جدة بعد توحيد المملكة، اتخذ من بيت نصيف مقراً رسمياً له ولحكومته لمدة عشر سنوات كاملة، حتى اكتمل بناء قصر خزام عام 1935م. خلال هذه الفترة، استقبل الملك في البيت الوفود الدولية، وعقد الاجتماعات الحكومية المهمة، ووقّع اتفاقيات تاريخية. البيت شهد ولادة المملكة الحديثة بمعنى الكلمة. اليوم، تحول البيت إلى متحف يروي تاريخ جدة والمملكة، ويضم مقتنيات نادرة من تلك الحقبة، بما في ذلك أثاث الملك وبعض وثائقه الشخصية.",
              "type": "تاريخية - سياسية",
              "year": "1881-1935",
              "sources": ["هيئة التراث السعودية", "متحف بيت نصيف"],
              "historical_impact": "يمثل فترة انتقالية حاسمة في تاريخ المملكة"
            },
            {
              "title": "أسطورة الأنفاق السرية تحت البلد",
              "content": "تتداول الأجيال في جدة قصصاً شفهية عن وجود شبكة معقدة من الأنفاق تحت الأرض تربط بين البيوت الكبيرة والأسواق والميناء. وفقاً للروايات، كانت هذه الأنفاق تُستخدم لنقل البضائع الثمينة (خاصة اللؤلؤ والذهب) بعيداً عن أعين اللصوص وقطاع الطرق. بعض المؤرخين يعتقدون أن الأنفاق كانت تُستخدم أيضاً لتهريب البضائع لتجنب الجمارك العثمانية. كبار السن من سكان البلد يؤكدون رؤية مداخل هذه الأنفاق في طفولتهم، خاصة في أقبية البيوت الكبيرة وتحت بعض المساجد. لكن معظم هذه المداخل أُغلقت أو دُفنت خلال عمليات الترميم والتطوير في العقود الماضية. في 2018م، عثر فريق ترميم على ممر حجري تحت أحد البيوت القديمة، مما أعاد إشعال الجدل حول حقيقة هذه الأنفاق. هل هي حقيقة تاريخية أم مجرد أسطورة شعبية؟ الإجابة لا تزال غامضة، والبحث الأثري مستمر.",
              "type": "شعبية - غموض تاريخي",
              "year": "غير محدد - يُعتقد القرن 18-19",
              "sources": ["روايات شفهية", "تقارير هيئة التراث 2018"],
              "verification_status": "غير مؤكد - قيد البحث الأثري"
            },
            {
              "title": "سوق البلد ومركز تجارة البهارات العالمية",
              "content": "في القرن التاسع عشر والنصف الأول من القرن العشرين، كان سوق البلد (المعروف أيضاً بسوق العلوي) واحداً من أهم أسواق البهارات في منطقة البحر الأحمر بأكملها. كانت جدة محطة رئيسية على طريق التوابل البحري الذي يربط الهند وإندونيسيا بالشرق الأوسط وأوروبا. كانت سفن الداو الشراعية تصل محملة بالهيل، القرنفل، القرفة، جوزة الطيب، الفلفل الأسود، والزعفران. التجار العرب، خاصة من عائلات آل نصيف، آل باعشن، وآل رضا، كانوا يسيطرون على هذه التجارة المربحة. كان السوق يعج بالحركة: روائح البهارات تملأ الأزقة، التجار ينادون على بضائعهم بلغات مختلفة (عربي، فارسي، أردو، سواحيلي)، والحجاج يشترون التوابل لأخذها إلى بلدانهم. مع افتتاح قناة السويس عام 1869م، زادت أهمية جدة التجارية أكثر. لكن مع اكتشاف النفط في الخمسينات وظهور الموانئ الحديثة، تراجعت تجارة البهارات التقليدية تدريجياً. اليوم، لا يزال سوق البلد يحتفظ ببعض محلات البهارات التقليدية، بعضها تديره نفس العائلات منذ أربعة أجيال، لكن بحجم أصغر بكثير من الماضي المجيد.",
              "type": "تجارية - اقتصادية",
              "year": "القرن 19 - منتصف القرن 20",
              "sources": ["أرشيف غرفة جدة التجارية", "كتاب 'تجار جدة' للمؤرخ عبدالقدوس الأنصاري"],
              "economic_impact": "كانت تمثل 40% من الدخل غير النفطي لجدة"
            }
          ],
          "journalist_angles": [
            "التراث العمراني: كيف تحافظ البلد على هويتها في مواجهة الحداثة؟",
            "الاقتصاد الثقافي: هل يمكن تحويل البلد إلى وجهة سياحية عالمية دون فقدان روحها؟",
            "التحديات: ما العقبات التي تواجه عملية الترميم (ملكية، تمويل، تقنية)؟",
            "البعد الإنساني: قصص العائلات التي رفضت مغادرة البلد رغم الإغراءات",
            "المقارنة الدولية: مدن تراثية عربية (الدرعية، صنعاء القديمة) - ماذا نتعلم منها؟",
            "البعد البيئي: كيف كانت العمارة التقليدية صديقة للبيئة؟",
            "الهوية الوطنية: دور البلد في تشكيل الذاكرة الجماعية للسعوديين",
            "السياحة الدينية: كيف تخدم البلد الحجاج في القرن 21؟"
          ],
          "statistics": {
            "visitors_2023": "1.2 مليون زائر",
            "restoration_budget": "500 مليون ريال (2014-2024)",
            "restored_buildings": "127 مبنى حتى 2023",
            "pending_restoration": "أكثر من 400 مبنى",
            "employment": "يوفر 3000 فرصة عمل مباشرة",
            "shops": "أكثر من 200 محل تجاري"
          },
          "references": [
            "هيئة التراث السعودية - ملف جدة التاريخية",
            "اليونسكو - قرار التسجيل 2014",
            "كتاب 'جدة القديمة' - د. سامي عنقاوي",
            "أرشيف أمانة جدة",
            "دراسة 'العمارة الحجازية' - جامعة الملك عبدالعزيز"
          ]
        },
        
        "corniche": {
          "name": "كورنيش جدة",
          "icon": "🌅",
          "type": "واجهة بحرية ترفيهية",
          "category": "معلم سياحي حديث",
          "description": "أطول كورنيش على البحر الأحمر، يمتد 110 كم ويضم نافورة الملك فهد الحائزة على رقم قياسي عالمي",
          "detailed_info": "كورنيش جدة هو واجهة بحرية ممتدة على طول ساحل البحر الأحمر بمسافة 110 كيلومتراً تقريباً، ويُعد من أطول الواجهات البحرية الحضرية في العالم. تم تطويره على مراحل بدءاً من السبعينات، ويُقسم إلى ثلاثة أقسام رئيسية: الكورنيش الشمالي (الأحدث والأفخم)، الكورنيش الأوسط (العائلي والشعبي)، والكورنيش الجنوبي (التاريخي والأقدم). يجمع الكورنيش بين الترفيه، الثقافة، والفن، حيث يضم أكثر من 20 منحوتة فنية عالمية، مطاعم متنوعة، كافيهات، منتزهات، ومرافق رياضية. نافورة الملك فهد، التي تُعد أبرز معالمه، مسجلة في موسوعة غينيس كأعلى نافورة في العالم.",
          "historical_development": "بدأ مشروع تطوير الكورنيش في السبعينات كجزء من خطة تحديث جدة. في الثمانينات، أطلقت أمانة جدة مشروعاً ثقافياً طموحاً بالتعاون مع فنانين عالميين لتحويل الكورنيش إلى 'متحف مفتوح'، حيث تم نصب منحوتات ضخمة لأشهر النحاتين مثل هنري مور وخوان ميرو. في التسعينات، افتتحت نافورة الملك فهد. حالياً، يشهد الكورنيش تطويراً مستمراً ضمن رؤية 2030.",
          "info": {
            "length": "110 كيلومتر",
            "sections": 3,
            "section_names": ["الشمالي", "الأوسط", "الجنوبي"],
            "development_started": "1970s",
            "sculptures_count": 24,
            "best_time": "الغروب (5-7 مساءً) والمساء (8-11 مساءً)",
            "duration": "مفتوح 24 ساعة",
            "entry_fee": "مجاني",
            "parking": "مواقف مجانية في معظم المناطق",
            "annual_visitors": "أكثر من 15 مليون زائر (تقديرات 2023)"
          },
          "key_features": [
            {
              "name": "نافورة الملك فهد",
              "year": 1985,
              "description": "أعلى نافورة في العالم - تقذف الماء لارتفاع 312 متر (أعلى من برج إيفل)",
              "specs": {
                "height": "312 متر",
                "water_source": "ماء البحر مباشرة",
                "pumps": "3 محركات بقوة 560 حصان لكل محرك",
                "flow_rate": "625 لتر/ثانية",
                "speed": "375 كم/ساعة (سرعة قذف الماء)",
                "lights": "500 كشاف LED ملون",
                "visibility": "يمكن رؤيتها من 30 كم في الليل",
                "weight_of_water_in_air": "18 طن",
                "guinness_record": "أعلى نافورة في العالم منذ 1985"
              },
              "status": "عاملة - تعمل من المغرب حتى منتصف الليل"
            },
            {
              "name": "منحوتات الكورنيش",
              "count": 24,
              "description": "مجموعة من أشهر المنحوتات العالمية على امتداد الكورنيش",
              "notable_pieces": [
                {
                  "name": "The Fist and Thumb (القبضة والإبهام)",
                  "artist": "César Baldaccini (فرنسا)",
                  "year": 1983,
                  "material": "برونز",
                  "significance": "ترمز للقوة والإرادة"
                },
                {
                  "name": "Cubes (المكعبات)",
                  "artist": "Charles Perry (أمريكا)",
                  "year": 1984,
                  "material": "فولاذ مقاوم للصدأ",
                  "significance": "تمثيل للهندسة والنظام"
                },
                {
                  "name": "The Bicycle (الدراجة)",
                  "artist": "فنان محلي",
                  "year": 1980,
                  "material": "معدن",
                  "significance": "رمز للتراث الشعبي"
                }
              ]
            },
            {
              "name": "شاطئ الرمال الفضية",
              "description": "شاطئ عام نظيف مجهز بمرافق حديثة",
              "facilities": ["دورات مياه", "مواقف سيارات", "مطاعم", "ألعاب أطفال"],
              "status": "مفتوح للعائلات"
            }
          ],
          "field_questions": [
            "ما التكلفة الإجمالية لمشروع تطوير الكورنيش منذ السبعينات؟",
            "كيف تم اختيار الفنانين والنحاتين الذين صمموا المنحوتات؟",
            "ما التحديات الهندسية في بناء نافورة بهذا الارتفاع؟",
            "كم تبلغ تكلفة صيانة النافورة سنوياً؟",
            "ما الأثر الاقتصادي للكورنيش على جدة (السياحة، العقارات، الوظائف)؟",
            "هل هناك خطط لتوسعة الكورنيش أو إضافة معالم جديدة؟",
            "كيف يتم الحفاظ على نظافة الشاطئ والمياه؟",
            "ما دور الكورنيش في استراتيجية جدة ضمن رؤية 2030؟",
            "هل تؤثر النافورة على البيئة البحرية المحيطة؟",
            "كيف تغير الكورنيش اجتماعياً (أنماط الترفيه، نمط الحياة)؟"
          ],
          "cultural_notes": [
            "احترام خصوصية العائلات - مناطق معينة مخصصة للعائلات فقط",
            "السباحة ممنوعة في مناطق محددة - انتبه للافتات التحذيرية",
            "الكورنيش يشهد ازدحاماً شديداً في عطلة نهاية الأسبوع (الجمعة والسبت) وأثناء الإجازات",
            "أفضل وقت لتجنب الزحام للتغطية الصحفية: صباح أيام الأسبوع (السبت-الأربعاء)",
            "لا تترك مخلفات - هناك غرامات على التلويث",
            "النافورة تعمل من المغرب حتى منتصف الليل - لأفضل تصوير: من المغرب للعشاء",
            "التصوير الصحفي: يُفضل التنسيق مع الأمانة للحصول على تصاريح للتصوير بطائرات درون",
            "مواقف السيارات قد تكون مزدحمة - التخطيط المسبق ضروري",
            "بعض المطاعم الراقية تتطلب حجز مسبق"
          ],
          "stories": [
            {
              "title": "نافورة الملك فهد - رقم قياسي عالمي منذ 39 عاماً",
              "content": "افتتحت نافورة الملك فهد رسمياً عام 1985م، كهدية من الملك فهد بن عبدالعزيز لمدينة جدة. المشروع كان طموحاً للغاية: بناء أعلى نافورة في العالم. الهدف لم يكن فقط تحطيم رقم قياسي، بل تحويل جدة إلى وجهة سياحية عالمية وإضافة معلم بصري فريد. التحدي الهندسي كان هائلاً: كيف تقذف الماء لأكثر من 300 متر؟ الحل جاء باستخدام ثلاثة محركات ضخمة بقوة 560 حصان لكل محرك، تقذف 625 لتراً من ماء البحر في الثانية بسرعة 375 كم/ساعة. الماء يصل لارتفاع 312 متر - أعلى من برج إيفل (300 متر)! في أي لحظة، هناك 18 طن من الماء معلقة في الهواء. لجعل المنظر أكثر روعة، تم تركيب 500 كشاف LED ملون يضيء النافورة ليلاً، بحيث يمكن رؤيتها من مسافة 30 كيلومتراً. منذ افتتاحها، سُجلت النافورة في موسوعة غينيس للأرقام القياسية كأعلى نافورة في العالم، ولم يتم كسر هذا الرقم حتى اليوم (2024). النافورة أصبحت رمزاً لجدة، وتظهر في كل البطاقات البريدية والمواد الترويجية للمدينة. التكلفة السنوية لصيانتها تُقدر بملايين الريالات، لكنها تستحق - فهي تجذب ملايين الزوار سنوياً.",
              "type": "هندسية - رقم قياسي",
              "year": "1985 - حتى الآن",
              "sources": ["أمانة جدة", "موسوعة غينيس"],
              "economic_impact": "تساهم في جذب أكثر من 2 مليون سائح سنوياً"
            },
            {
              "title": "مشروع المنحوتات العالمية - تحويل جدة إلى متحف مفتوح",
              "content": "في أوائل الثمانينات، أطلق الأمير محمد بن فهد، أمين جدة آنذاك، مشروعاً ثقافياً غير مسبوق في المنطقة: تحويل كورنيش جدة إلى 'متحف فني مفتوح'. الفكرة كانت جريئة: استقطاب أشهر النحاتين العالميين لإنشاء منحوتات ضخمة على امتداد الكورنيش. تم الاتصال بفنانين من 18 دولة، بينهم أساطير مثل هنري مور من بريطانيا، وخوان ميرو من إسبانيا، وسيزار بالداتشيني من فرنسا. كل فنان طُلب منه تصميم عمل يعكس رؤيته الخاصة، دون قيود موضوعية (ما عدا احترام القيم الإسلامية). النتيجة كانت 24 منحوتة مذهلة، من البرونز والفولاذ والحجر، بعضها يصل وزنه لعشرات الأطنان وارتفاعه لأكثر من 10 أمتار. كل منحوتة لها قصة ورمزية: 'القبضة والإبهام' لسيزار ترمز للقوة، 'المكعبات' لتشارلز بيري تمثل النظام الهندسي، و'الدراجة' تحتفي بالتراث الشعبي. المشروع كلف ملايين الدولارات، لكنه جعل جدة فريدة في العالم العربي. اليوم، السياح يأتون خصيصاً لرؤية هذه المنحوتات، والمصورون يلتقطون آلاف الصور يومياً. المدينة لُقبت بـ'عروس البحر الأحمر' و'مدينة النحت' بفضل هذا المشروع الرائد.",
              "type": "فنية - ثقافية",
              "year": "1980s - حتى الآن",
              "sources": ["أرشيف أمانة جدة", "كتاب 'الفن العام في جدة'"],
              "cultural_impact": "جعل جدة رائدة في الفن العام في المنطقة"
            }
          ],
          "journalist_angles": [
            "التنمية الحضرية: كيف غيّر الكورنيش وجه جدة؟",
            "الاقتصاد السياحي: الأثر الاقتصادي للكورنيش (العقارات، الوظائف، الاستثمار)",
            "البيئة: هل الكورنيش صديق للبيئة؟ ما أثر النافورة على النظام البيئي البحري؟",
            "الفن العام: جدة كنموذج عربي رائد في الفن العام - قصة نجاح؟",
            "المقارنة الدولية: كورنيش جدة vs كورنيش بيروت، الإسكندرية، دبي",
            "الهندسة: التحديات الهندسية في صيانة نافورة بهذا الحجم",
            "السلوك الاجتماعي: كيف غيّر الكورنيش أنماط الترفيه والحياة الاجتماعية؟",
            "المستقبل: خطط التطوير ضمن رؤية 2030 - ماذا ينتظر الكورنيش؟"
          ],
          "statistics": {
            "annual_visitors": "15+ مليون",
            "fountain_operating_hours": "8 ساعات يومياً",
            "fountain_water_usage": "18,000 لتر/ثانية",
            "sculptures_value": "تُقدر بأكثر من 100 مليون ريال",
            "restaurants_cafes": "أكثر من 150 منشأة",
            "parking_spaces": "أكثر من 5000 موقف",
            "employment": "يوفر أكثر من 10,000 فرصة عمل مباشرة وغير مباشرة"
          },
          "references": [
            "أمانة محافظة جدة - إدارة المشاريع",
            "موسوعة غينيس للأرقام القياسية",
            "دراسة 'الأثر الاقتصادي للكورنيش' - غرفة جدة",
            "كتاب 'الفن العام في جدة' - د. هيفاء الأيوبي",
            "تقرير اليونسكو عن التنمية الحضرية 2020"
          ]
        }
      }
    },
    
    "alula": {
      "name": "العلا",
      "name_en": "AlUla",
      "icon": "🏛️",
      "description": "متحف الحضارات المفتوح - عاصمة التاريخ والآثار في الجزيرة العربية",
      "region": "منطقة المدينة المنورة",
      "population": "أكثر من 40,000 نسمة",
      "established": "منذ الألفية الأولى قبل الميلاد",
      "landmarks": {
        "hegra": {
          "name": "الحِجر (مدائن صالح)",
          "icon": "🗿",
          "type": "موقع أثري",
          "category": "موقع تراث عالمي - عاصمة الأنباط الجنوبية",
          "description": "أول موقع سعودي يُدرج في قائمة التراث العالمي - مدينة نبطية منحوتة في الصخر تعود للقرن الأول قبل وبعد الميلاد",
          "detailed_info": "الحِجر، المعروفة أيضاً بـ'مدائن صالح'، هي ثاني أكبر مدن الأنباط بعد البتراء في الأردن. تقع على بعد 22 كم شمال شرق مدينة العلا. نُحتت المدينة في الصخور الرملية في الفترة من القرن الأول قبل الميلاد إلى القرن الأول الميلادي، وكانت محطة رئيسية على طريق التجارة القديم (طريق البخور) الذي يربط جنوب الجزيرة العربية بالشام ومصر وبلاد الرافدين. الموقع يضم 111 مقبرة صخرية ضخمة منحوتة بدقة مذهلة في جبال من الحجر الرملي، بالإضافة إلى بقايا المدينة السكنية، آبار، نقوش نبطية ولحيانية وثمودية بعدة لغات. سُجل الموقع في قائمة التراث العالمي لليونسكو عام 2008م، ليصبح أول موقع سعودي يحظى بهذا الشرف. المساحة الإجمالية للموقع الأثري تبلغ حوالي 13.39 كيلومتر مربع.",
          "historical_significance": "كانت الحِجر عاصمة مملكة لحيان في الألفية الأولى قبل الميلاد، ثم سيطر عليها الأنباط في القرن الأول قبل الميلاد وجعلوها مركزاً تجارياً رئيسياً. في 106م، ضمها الرومان لإمبراطوريتهم. الموقع مذكور في القرآن الكريم باسم 'الحِجر' كديار قوم ثمود الذين أُرسل إليهم النبي صالح عليه السلام. بعد القرن الرابع الميلادي، هُجرت المدينة تدريجياً وبقيت مهملة حتى القرن العشرين عندما بدأت الدراسات الأثرية الحديثة.",
          "archaeological_importance": "الموقع يُعد مختبراً حياً لدراسة الحضارة النبطية، اللغة النبطية (أصل الخط العربي الحديث), تقنيات النحت الصخري، الهندسة المعمارية القديمة، وطرق التجارة القديمة. النقوش المكتشفة (أكثر من 600 نقش) تقدم معلومات فريدة عن التاريخ الاجتماعي والديني للمنطقة.",
          "info": {
            "age": "2000+ سنة (القرن 1 ق.م - القرن 4 م)",
            "unesco": true,
            "year_inscribed": 2008,
            "unesco_criteria": "معايير ii و iii (التبادل الثقافي والشهادة على حضارة)",
            "area": "13.39 كيلومتر مربع",
            "tombs_count": 111,
            "inscriptions_count": "أكثر من 600 نقش",
            "best_time": "أكتوبر - مارس (الشتاء)",
            "worst_time": "يونيو - أغسطس (حرارة تتجاوز 45 درجة)",
            "duration": "جولة كاملة: 5-7 ساعات",
            "entry_fee": "يتطلب حجز عبر منصة 'تجربة العلا' (www.experiencealula.com)",
            "ticket_price": "95 ريال للبالغين، مجاني للأطفال دون 12",
            "temperature_summer": "40-48 درجة مئوية",
            "temperature_winter": "10-25 درجة مئوية",
            "guided_tours": "إلزامية - متوفرة بـ12 لغة",
            "accessibility": "مسارات معبدة للكراسي المتحركة"
          },
          "key_monuments": [
            {
              "name": "قصر الفريد (قبر لحيان بن كوزا)",
              "description": "أشهر مقبرة في الحِجر - منحوتة من صخرة واحدة قائمة بذاتها",
              "height": "22 متر",
              "width": "15 متر",
              "features": "واجهة نبطية فخمة بأربعة أنصاف أعمدة، مدخل مزين بنقوش، لم تكتمل أبداً",
              "date": "القرن 1 م",
              "owner": "لحيان بن كوزا (من العائلة المالكة النبطية)",
              "status": "غير مكتمل - توقف النحت فجأة",
              "significance": "أيقونة الحِجر - الأكثر تصويراً",
              "unique_feature": "الوحيد المنفرد عن باقي المقابر"
            },
            {
              "name": "ديوان",
              "description": "قاعة اجتماعات صخرية ضخمة - استخدمها الأنباط للمحافل الاجتماعية والدينية",
              "dimensions": "13م × 10م",
              "height": "8 أمتار",
              "features": "منحوتة بالكامل في الصخر، مقاعد حجرية على الجدران، سقف مسطح",
              "date": "القرن 1 م",
              "usage": "قاعة اجتماعات، ربما طقوس دينية",
              "condition": "ممتاز - أحد أفضل المعالم المحفوظة"
            },
            {
              "name": "جبل إثلب",
              "description": "جبل صخري ضخم يضم محكمة المدينة القديمة",
              "features": "نقوش قانونية، أماكن جلوس منحوتة، منصة الحكم",
              "significance": "يوضح النظام القضائي النبطي",
              "inscriptions": "أكثر من 100 نقش نبطي ولحياني"
            },
            {
              "name": "الجبل الأحمر (جبل الأحمر)",
              "description": "تجمع من 19 مقبرة منحوتة في صخور حمراء اللون",
              "color": "أحمر بسبب أكسيد الحديد",
              "tombs": 19,
              "features": "واجهات متنوعة - من البسيطة للمعقدة"
            },
            {
              "name": "قصر الصانع",
              "description": "ثاني أكبر مقبرة - سُمي نسبة لدقة نحته",
              "height": "21 متر",
              "chambers": 3,
              "features": "ثلاث حجرات دفن، نقوش نبطية معقدة"
            }
          ],
          "field_questions": [
            "كيف تمكن الأنباط من نحت هذه المقابر الضخمة بدقة هندسية عالية دون أدوات حديثة؟",
            "ما نوع الأدوات والتقنيات المستخدمة في النحت؟ هل هناك أدلة أثرية؟",
            "لماذا سُميت بـ'مدائن صالح'؟ ما العلاقة بين الموقع وقصة النبي صالح في القرآن؟",
            "ما قصة قصر الفريد؟ لماذا لم يُكمل رغم بدء النحت؟",
            "كيف كانت الحياة اليومية هنا قبل 2000 عام؟ ماذا كانوا يأكلون ويشربون ويتاجرون؟",
            "لماذا هُجرت الحِجر فجأة في القرن الرابع الميلادي؟",
            "ما الفرق بين الحِجر والبتراء من الناحية المعمارية والثقافية؟",
            "كيف حافظت النقوش على وضوحها لأكثر من 2000 سنة في بيئة صحراوية قاسية؟",
            "هل هناك اكتشافات جديدة؟ ما نسبة الموقع المحفور حتى الآن؟",
            "ما الموقف الديني من زيارة الحِجر؟ هل هناك جدل فقهي؟",
            "ما خطط الحفاظ على الموقع في مواجهة التغير المناخي والسياحة المكثفة؟"
          ],
          "cultural_notes": [
            "الحجز المسبق إلزامي عبر منصة 'تجربة العلا' (www.experiencealula.com) - لا يُسمح بدخول بدون تذكرة",
            "الجولات المصحوبة بمرشدين إلزامية - لا يُسمح بالتجول الحر حفاظاً على الموقع",
            "التصوير الفوتوغرافي الشخصي مسموح بحرية، لكن التصوير التجاري/الصحفي يتطلب تصريح من الهيئة الملكية للعلا",
            "ممنوع منعاً باتاً لمس النقوش أو الكتابة على الصخور - عقوبات صارمة (غرامات تصل لـ200,000 ريال)",
            "يجب حمل كمية كافية من الماء - الشمس قوية حتى في الشتاء والجفاف خطر حقيقي",
            "ارتداء أحذية رياضية مريحة ضروري - المشي على الرمال والصخور متعب",
            "أفضل وقت للتصوير الصحفي: الصباح الباكر (7-9 صباحاً) أو قبل الغروب (4-6 مساءً) - الإضاءة الذهبية",
            "احذر من الحرارة في الصيف - ضربة الشمس خطر حقيقي (تجنب الزيارة يونيو-أغسطس)",
            "احذر من الثعابين والعقارب في الصيف - لا تضع يدك في شقوق الصخور",
            "احترم البيئة الصحراوية - لا ترمِ مخلفات، لا تقطع نباتات",
            "الموقف الديني: زيارة الحِجر للعبرة والتعلم جائزة عند جمهور العلماء المعاصرين، لكن بعض المحافظين لا يزالون يتحفظون"
          ],
          "stories": [
            {
              "title": "قصة النبي صالح وقوم ثمود - البعد الديني للحِجر",
              "content": "الحِجر مذكورة في القرآن الكريم في سورة الحِجر والأعراف والشعراء وغيرها، كديار قوم ثمود الذين أُرسل إليهم النبي صالح عليه السلام. وفقاً للقرآن، كان قوم ثمود يعيشون في الحِجر وينحتون بيوتهم في الجبال، معتزين بقوتهم ومهارتهم. {وَثَمُودَ الَّذِينَ جَابُوا الصَّخْرَ بِالْوَادِ} (الفجر: 9). كانوا أغنياء أقوياء، لكنهم كفروا واستكبروا. أرسل الله لهم صالحاً عليه السلام يدعوهم للإيمان، لكنهم طلبوا آية. فأخرج الله لهم ناقة عظيمة من الصخر - معجزة خارقة. أمرهم صالح أن يتركوها تشرب وترعى ولا يمسوها بسوء، لكنهم عقروها (ذبحوها) تمرداً وكفراً. فأنذرهم صالح بعذاب قادم بعد ثلاثة أيام. في اليوم الموعود، أخذتهم صيحة عظيمة (ربما زلزال أو صوت مدمر)، فأصبحوا جاثمين في ديارهم، هلكى. {فَأَخَذَتْهُمُ الرَّجْفَةُ فَأَصْبَحُوا فِي دَارِهِمْ جَاثِمِينَ} (الأعراف: 78). عندما مر النبي محمد ﷺ بالحِجر في طريقه لغزوة تبوك (9هـ/630م)، أمر أصحابه بالإسراع وعدم دخول ديارهم إلا باكين، قائلاً: 'لا تدخلوا مساكن الذين ظلموا أنفسهم إلا أن تكونوا باكين أن يصيبكم ما أصابهم' (البخاري). لهذا السبب، بعض المسلمين المحافظين كانوا يتجنبون زيارة الحِجر خوفاً. لكن العلماء المعاصرين (مثل الشيخ ابن باز والشيخ ابن عثيمين) أجازوا الزيارة للعبرة والتعلم، مع التذكر والخشوع. اليوم، الموقع مفتوح للزيارة، والكثيرون يزورونه ليروا آيات الله في الخلق ويعتبروا من مصير الطغاة. السؤال التاريخي المثير: هل قوم ثمود المذكورون في القرآن هم نفسهم الأنباط؟ أم أن الأنباط سكنوا المكان بعد هلاك ثمود بقرون؟ المؤرخون يميلون للرأي الثاني - أن ثمود كانوا حضارة أقدم، وأن الأنباط جاؤوا لاحقاً واستخدموا المكان. لكن الله أعلم.",
              "type": "دينية - تاريخية",
              "year": "ما قبل الميلاد (تاريخ غير محدد للقصة القرآنية)، مرور النبي ﷺ: 9هـ/630م",
              "sources": ["القرآن الكريم: سور الحِجر، الأعراف، الشعراء، الفجر", "صحيح البخاري", "تفسير ابن كثير"],
              "scholarly_views": "الزيارة جائزة للعبرة - قول جمهور العلماء المعاصرين",
              "archaeological_note": "لا دليل أثري قاطع يربط الأنباط بثمود - فترة زمنية بينهما"
            },
            {
              "title": "قصر الفريد - التحفة الفنية غير المكتملة",
              "content": "قصر الفريد (Qasr al-Farid) هو أشهر معلم في الحِجر، وأكثر مقبرة تصويراً في الموقع بأكمله. يقع منفرداً عن باقي المقابر - منحوت من صخرة ضخمة قائمة بذاتها في وسط الصحراء، مما يعطيه حضوراً بصرياً مذهلاً. سُمي بـ'الفريد' (The Lonely Castle) لأنه الوحيد المعزول. يبلغ ارتفاعه 22 متراً، بواجهة نبطية كلاسيكية فخمة: أربعة أنصاف أعمدة بتيجان كورنثية، إفريز مزخرف، مدخل ضخم في الوسط. حسب النقش على الباب، المقبرة تعود لـ'لحيان بن كوزا'، من عائلة نبطية نبيلة (ربما ملكية). لكن الغريب: المقبرة لم تُكمل أبداً! النحت في الثلث السفلي دقيق ومكتمل، لكن في الأجزاء العلوية، تظهر علامات أدوات النحت بوضوح - كأن النحاتين توقفوا فجأة وتركوا العمل. لماذا؟ هناك نظريات عدة: 1) **وفاة صاحب المقبرة**: ربما توفي لحيان بن كوزا قبل اكتمال مقبرته، فتوقف العمل (المقابر كانت تُبنى قبل الموت). 2) **تحول طريق التجارة**: بعد سيطرة الرومان على الأنباط (106م)، تحولت طرق التجارة بعيداً عن الحِجر، فانهار الاقتصاد وتوقفت المشاريع الكبيرة. 3) **هجرة مفاجئة**: ربما هُجرت المدينة فجأة بسبب وباء أو غزو، فترك النحاتون أدواتهم. مهما كان السبب، قصر الفريد بقي شاهداً على طموح لم يكتمل - حلم نبطي مجمد في الزمن. اليوم، السياح يقفون مندهشين أمامه، والمصورون يلتقطون آلاف الصور. إنه رمز العلا، والوجه الذي يظهر في كل المواد الترويجية. عام 2020، اختارت 'لويس فيتون' قصر الفريد كخلفية لعرض أزياء فاخر - أول عرض أزياء عالمي في السعودية.",
              "type": "معمارية - غموض تاريخي",
              "year": "القرن 1 م (غير مكتمل)",
              "sources": ["نقوش نبطية على الموقع", "دراسات أثرية فرنسية 2002-2010", "الهيئة الملكية للعلا"],
              "current_status": "محفوظ جيداً - أيقونة سياحية",
              "media_appearances": "عرض لويس فيتون 2020، عدة أفلام وثائقية"
            },
            {
              "title": "سكة حديد الحجاز - حلم عثماني دمرته الحرب",
              "content": "في عام 1900م، أطلق السلطان العثماني عبد الحميد الثاني مشروعاً طموحاً: بناء سكة حديد تربط دمشق بالمدينة المنورة، بطول 1320 كيلومتر. كان الهدف الرسمي: تسهيل نقل الحجاج من الشام إلى الحرمين. لكن الهدف الخفي كان استراتيجياً: تعزيز السيطرة العثمانية على الحجاز ومواجهة النفوذ البريطاني المتصاعد. المشروع كان ضخماً: جُمعت التبرعات من مسلمي 35 دولة، واستغرق البناء 8 سنوات، وعمل فيه آلاف العمال. القطار مر بالعلا، حيث بُنيت محطة ضخمة (لا تزال موجودة حتى اليوم). كان حدثاً تاريخياً - لأول مرة يمكن للحجاج الوصول للمدينة المنورة في 3 أيام بدلاً من 40 يوماً بالجمال. لكن في 1916م، اندلعت الثورة العربية الكبرى بقيادة الشريف حسين بن علي ضد العثمانيين، بدعم بريطاني. قاد المقدم البريطاني توماس إدوارد لورنس (لورنس العرب) سلسلة من العمليات الفدائية لتفجير خط السكة. مع المقاتلين العرب، نسف لورنس جسوراً، دمّر قاطرات، وفجّر محطات. المحطة في العلا تعرضت لعدة تفجيرات. بحلول 1918م، كان الخط مدمراً بالكامل. لم يُصلح أبداً. اليوم، يمكنك زيارة محطة العلا القديمة، حيث لا تزال ترى القاطرات الصدئة متروكة على القضبان - شاهدة على حلم عظيم دمرته الحرب. المحطة تحولت إلى متحف، جزء من 'رحلة عبر الزمن' في العلا. يمكنك المشي بين الأنقاض، لمس القضبان المعوجة، وتخيل الحجاج ينزلون من القطار منذ قرن. إنها قصة حزينة عن كيف تحطم التقدم على صخور السياسة.",
              "type": "تاريخية حديثة - سياسية",
              "year": "1900-1918",
              "sources": ["أرشيف الدولة العثمانية", "مذكرات لورنس العرب", "متحف محطة العلا"],
              "current_status": "المحطة متحف مفتوح للزوار",
              "cultural_impact": "رمز لنهاية الحقبة العثمانية وبداية العربية الحديثة"
            }
          ],
          "journalist_angles": [
            "التراث المهدد: كيف يؤثر التغير المناخي والسياحة الجماعية على حفظ الحِجر؟",
            "الجدل الديني: الموقف الفقهي من زيارة ديار الأقوام المهلكة - تطور الفتوى",
            "الاقتصاد السياحي: الأثر الاقتصادي للحِجر على العلا - وظائف، استثمار، نمو",
            "المقارنة مع البتراء: الحِجر vs البتراء - تنافس أم تكامل؟",
            "البحث الأثري: ماذا لم نكتشف بعد؟ نسبة الحفر 10% فقط - ماذا ينتظرنا؟",
            "التقنية والتراث: استخدام الذكاء الاصطناعي والمسح ثلاثي الأبعاد في دراسة الموقع",
            "اللغة والهوية: النقوش النبطية كأصل للخط العربي - قصة تطور الأبجدية",
            "المرأة النبطية: دور المرأة في المجتمع النبطي من خلال النقوش",
            "رؤية 2030: الحِجر كركيزة لتحويل العلا لوجهة سياحية عالمية - هل نجحت الخطة؟"
          ],
          "statistics": {
            "annual_visitors_2019": "24,000",
            "annual_visitors_2023": "120,000 (زيادة 400%)",
            "ticket_revenue_2023": "11.4 مليون ريال",
            "excavated_percentage": "أقل من 10%",
            "restoration_budget_2024": "200 مليون ريال",
            "employment_created": "أكثر من 2000 وظيفة مباشرة",
            "research_teams": "15 بعثة أثرية دولية تعمل حالياً"
          },
          "references": [
            "الهيئة الملكية لمحافظة العلا - التقرير السنوي 2023",
            "اليونسكو - ملف التسجيل 2008",
            "القرآن الكريم وتفاسيره",
            "دراسة 'الأنباط: تاريخ وحضارة' - د. فوزي زاهر",
            "البعثة الفرنسية السعودية للآثار - تقارير 2002-2020",
            "كتاب 'أعمدة الحكمة السبعة' - لورنس العرب (ذكر العلا)"
          ]
        }
      }
    }
  }
}
